{"_wandb":{"runtime":40},"min_split_gain":3.844666343638552e-08,"_runtime":39.6526619,"n_estimators":2300,"precision":0.09345252311576649,"num_leaves":44,"subsample":0.7111523623347351,"bagging_freq":3,"metric":"binary_error","_timestamp":1.7395304048043041e+09,"recall":0.5784582893347413,"confusion_matrix":{"_latest_artifact_path":"wandb-client-artifact://738e4f43u029w704eemb7o6h26qm5fqm8mtgu3laf5h3vwhd9xooozneyi7d0ep5r82tee0hn92rnh975hf8v6up4vlzn26gqg8pgp6nl4mah7pyj8t7a0ei2t1a4opu:latest/confusion_matrix.table.json","path":"media/table/confusion_matrix_0_adb9a803581067e523ab.table.json","ncols":2,"nrows":2,"_type":"table-file","sha256":"adb9a803581067e523ab1c0556a73a1cc98b1824c59387086b064e730db3acf3","size":83,"artifact_path":"wandb-client-artifact://5idzt6y43bykuowgo1sa4ei24zmw4vbi74by6894clw7v1jpl6fqu7a2wl2vw21wl0ifmh0l6y80v3s2eargf1peceybt719qffexwbj2sotu30lacpe2nutcqojyh5b/confusion_matrix.table.json"},"_step":0,"f1_weighted":0.6908716440205256,"min_child_samples":19,"learning_rate":0.004050722832091631,"threshold_metrics_plot":{"sha256":"257f81c861ededa2334c3240e6f77ac318cb563d276fae7c9609b419792b9d5c","size":39932,"path":"media/images/threshold_metrics_plot_0_257f81c861ededa2334c.png","format":"png","width":800,"height":600,"caption":"Metrics vs Threshold","_type":"image-file"},"confusion_matrix_image":{"caption":"Confusion Matrix","_type":"image-file","sha256":"bbc66a7b3a9d6381eb58010156ef01a75c83d6d097463697716eb07080541066","size":22128,"path":"media/images/confusion_matrix_image_0_bbc66a7b3a9d6381eb58.png","format":"png","width":600,"height":400},"bagging_fraction":0.4201006535438501,"max_depth":25,"feature_fraction":0.5479483570468295,"reg_alpha":2.335997216476016,"f1_binary":0.16090941135001763,"balanced_accuracy":0.5850832229758101,"reg_lambda":0.0008671538429735005,"colsample_bytree":0.7150456512055541,"cohen_kappa":0.04995900855971802}