{"confusion_matrix":{"artifact_path":"wandb-client-artifact://wamxos0k9u8uf87ujlz79n61106x76vzyhc33ziahpwkj7iwncf3hwy88toz1ttf3a4qhso3wk82iaqnufbvmtg2vc05ebvjhy4sxaetekdo362ic7frqz5fi0dp5xhb/confusion_matrix.table.json","_latest_artifact_path":"wandb-client-artifact://yzayzlsdduzdes5wxz9bobovddqvah0r70akwdqq8l241a5xtxvxylmjjev9rym1hzrbhqga3dq1h8zajdx4yl9bbr9r7p6it57m8xg3yqymrtnxm0gdb08ckl2rgy1r:latest/confusion_matrix.table.json","path":"media/table/confusion_matrix_0_adb9a803581067e523ab.table.json","ncols":2,"nrows":2,"_type":"table-file","sha256":"adb9a803581067e523ab1c0556a73a1cc98b1824c59387086b064e730db3acf3","size":83},"balanced_accuracy":0.5850832229758101,"_timestamp":1.7395312538509493e+09,"min_split_gain":3.844666343638552e-08,"bagging_fraction":0.4201006535438501,"precision":0.09345252311576649,"learning_rate":0.004050722832091631,"reg_lambda":0.0008671538429735005,"n_estimators":2300,"colsample_bytree":0.7150456512055541,"_step":0,"recall":0.5784582893347413,"f1_binary":0.16090941135001763,"threshold_metrics_plot":{"height":600,"caption":"Metrics vs Threshold","_type":"image-file","sha256":"257f81c861ededa2334c3240e6f77ac318cb563d276fae7c9609b419792b9d5c","size":39932,"path":"media/images/threshold_metrics_plot_0_257f81c861ededa2334c.png","format":"png","width":800},"cohen_kappa":0.04995900855971802,"confusion_matrix_image":{"width":600,"height":400,"caption":"Confusion Matrix","_type":"image-file","sha256":"bbc66a7b3a9d6381eb58010156ef01a75c83d6d097463697716eb07080541066","size":22128,"path":"media/images/confusion_matrix_image_0_bbc66a7b3a9d6381eb58.png","format":"png"},"_wandb":{"runtime":38},"subsample":0.7111523623347351,"reg_alpha":2.335997216476016,"f1_weighted":0.6908716440205256,"metric":"binary_error","feature_fraction":0.5479483570468295,"num_leaves":44,"bagging_freq":3,"_runtime":38.2596897,"min_child_samples":19,"max_depth":25}